model,class_name,pair,k,jaccard_gradsal,jaccard_ig
bert,normal,kaggleâ†’reddit,5,0.0,0.0
bert,normal,kaggleâ†’reddit,10,0.0,0.0
bert,normal,kaggleâ†’reddit,15,0.0714,0.0345
bert,normal,kaggleâ†’reddit,20,0.1111,0.0256
bert,normal,kaggleâ†’twitter,5,0.0,0.0
bert,normal,kaggleâ†’twitter,10,0.0526,0.0
bert,normal,kaggleâ†’twitter,15,0.0714,0.0
bert,normal,kaggleâ†’twitter,20,0.1429,0.0256
bert,normal,redditâ†’twitter,5,0.0,0.0
bert,normal,redditâ†’twitter,10,0.0526,0.0
bert,normal,redditâ†’twitter,15,0.0714,0.0
bert,normal,redditâ†’twitter,20,0.1429,0.0
bert,depression,kaggleâ†’reddit,5,0.0,0.0
bert,depression,kaggleâ†’reddit,10,0.0526,0.0
bert,depression,kaggleâ†’reddit,15,0.0345,0.0345
bert,depression,kaggleâ†’reddit,20,0.0526,0.0256
bert,depression,kaggleâ†’twitter,5,0.0,0.0
bert,depression,kaggleâ†’twitter,10,0.0,0.0
bert,depression,kaggleâ†’twitter,15,0.0345,0.0
bert,depression,kaggleâ†’twitter,20,0.0256,0.0256
bert,depression,redditâ†’twitter,5,0.1111,0.0
bert,depression,redditâ†’twitter,10,0.0526,0.0
bert,depression,redditâ†’twitter,15,0.0345,0.0
bert,depression,redditâ†’twitter,20,0.0811,0.0
bert,anxiety,kaggleâ†’reddit,5,0.0,0.1111
bert,anxiety,kaggleâ†’reddit,10,0.0,0.0526
bert,anxiety,kaggleâ†’reddit,15,0.0,0.0345
bert,anxiety,kaggleâ†’reddit,20,0.0526,0.0811
bert,anxiety,kaggleâ†’twitter,5,0.0,0.25
bert,anxiety,kaggleâ†’twitter,10,0.0,0.1111
bert,anxiety,kaggleâ†’twitter,15,0.0,0.1111
bert,anxiety,kaggleâ†’twitter,20,0.0256,0.0811
bert,anxiety,redditâ†’twitter,5,0.1111,0.0
bert,anxiety,redditâ†’twitter,10,0.0526,0.0
bert,anxiety,redditâ†’twitter,15,0.0714,0.0
bert,anxiety,redditâ†’twitter,20,0.1429,0.0
bert,stress,kaggleâ†’reddit,5,0.0,0.0
bert,stress,kaggleâ†’reddit,10,0.0,0.0
bert,stress,kaggleâ†’reddit,15,0.0,0.0
bert,stress,kaggleâ†’reddit,20,0.0256,0.0
bert,stress,kaggleâ†’twitter,5,0.0,0.0
bert,stress,kaggleâ†’twitter,10,0.0,0.0526
bert,stress,kaggleâ†’twitter,15,0.0345,0.0345
bert,stress,kaggleâ†’twitter,20,0.0256,0.0256
bert,stress,redditâ†’twitter,5,0.0,0.0
bert,stress,redditâ†’twitter,10,0.1111,0.0
bert,stress,redditâ†’twitter,15,0.0714,0.0
bert,stress,redditâ†’twitter,20,0.1111,0.0256
roberta,normal,kaggleâ†’reddit,5,0.0,0.0
roberta,normal,kaggleâ†’reddit,10,0.0526,0.0526
roberta,normal,kaggleâ†’reddit,15,0.0714,0.0714
roberta,normal,kaggleâ†’reddit,20,0.1429,0.0526
roberta,normal,kaggleâ†’twitter,5,0.1111,0.0
roberta,normal,kaggleâ†’twitter,10,0.1111,0.0
roberta,normal,kaggleâ†’twitter,15,0.1111,0.0
roberta,normal,kaggleâ†’twitter,20,0.1429,0.0256
roberta,normal,redditâ†’twitter,5,0.1111,0.0
roberta,normal,redditâ†’twitter,10,0.1111,0.0
roberta,normal,redditâ†’twitter,15,0.1538,0.0
roberta,normal,redditâ†’twitter,20,0.25,0.0
roberta,depression,kaggleâ†’reddit,5,0.0,0.0
roberta,depression,kaggleâ†’reddit,10,0.0,0.0
roberta,depression,kaggleâ†’reddit,15,0.0345,0.0345
roberta,depression,kaggleâ†’reddit,20,0.0526,0.0256
roberta,depression,kaggleâ†’twitter,5,0.0,0.0
roberta,depression,kaggleâ†’twitter,10,0.0,0.0
roberta,depression,kaggleâ†’twitter,15,0.0345,0.0
roberta,depression,kaggleâ†’twitter,20,0.0811,0.0
roberta,depression,redditâ†’twitter,5,0.0,0.0
roberta,depression,redditâ†’twitter,10,0.0526,0.0
roberta,depression,redditâ†’twitter,15,0.1538,0.0
roberta,depression,redditâ†’twitter,20,0.1765,0.0
roberta,anxiety,kaggleâ†’reddit,5,0.1111,0.1111
roberta,anxiety,kaggleâ†’reddit,10,0.1765,0.1111
roberta,anxiety,kaggleâ†’reddit,15,0.1111,0.1111
roberta,anxiety,kaggleâ†’reddit,20,0.0811,0.1111
roberta,anxiety,kaggleâ†’twitter,5,0.0,0.25
roberta,anxiety,kaggleâ†’twitter,10,0.0,0.1111
roberta,anxiety,kaggleâ†’twitter,15,0.0,0.1111
roberta,anxiety,kaggleâ†’twitter,20,0.0,0.0811
roberta,anxiety,redditâ†’twitter,5,0.0,0.0
roberta,anxiety,redditâ†’twitter,10,0.1111,0.0
roberta,anxiety,redditâ†’twitter,15,0.0714,0.0
roberta,anxiety,redditâ†’twitter,20,0.1429,0.0256
roberta,stress,kaggleâ†’reddit,5,0.0,0.0
roberta,stress,kaggleâ†’reddit,10,0.0,0.0
roberta,stress,kaggleâ†’reddit,15,0.0345,0.0345
roberta,stress,kaggleâ†’reddit,20,0.0811,0.0256
roberta,stress,kaggleâ†’twitter,5,0.0,0.1111
roberta,stress,kaggleâ†’twitter,10,0.0,0.0526
roberta,stress,kaggleâ†’twitter,15,0.0,0.0345
roberta,stress,kaggleâ†’twitter,20,0.0256,0.0256
roberta,stress,redditâ†’twitter,5,0.0,0.0
roberta,stress,redditâ†’twitter,10,0.1111,0.0526
roberta,stress,redditâ†’twitter,15,0.1111,0.0345
roberta,stress,redditâ†’twitter,20,0.1429,0.0256
mentalbert,normal,kaggleâ†’reddit,5,0.0,0.0
mentalbert,normal,kaggleâ†’reddit,10,0.0526,0.0526
mentalbert,normal,kaggleâ†’reddit,15,0.1111,0.2
mentalbert,normal,kaggleâ†’reddit,20,0.1429,0.1429
mentalbert,normal,kaggleâ†’twitter,5,0.1111,0.0
mentalbert,normal,kaggleâ†’twitter,10,0.1111,0.0
mentalbert,normal,kaggleâ†’twitter,15,0.1538,0.0
mentalbert,normal,kaggleâ†’twitter,20,0.1429,0.0256
mentalbert,normal,redditâ†’twitter,5,0.0,0.0
mentalbert,normal,redditâ†’twitter,10,0.0526,0.0
mentalbert,normal,redditâ†’twitter,15,0.1111,0.0
mentalbert,normal,redditâ†’twitter,20,0.1429,0.0
mentalbert,depression,kaggleâ†’reddit,5,0.0,0.0
mentalbert,depression,kaggleâ†’reddit,10,0.0526,0.0
mentalbert,depression,kaggleâ†’reddit,15,0.0345,0.0345
mentalbert,depression,kaggleâ†’reddit,20,0.0256,0.0256
mentalbert,depression,kaggleâ†’twitter,5,0.0,0.0
mentalbert,depression,kaggleâ†’twitter,10,0.0,0.0
mentalbert,depression,kaggleâ†’twitter,15,0.0345,0.0345
mentalbert,depression,kaggleâ†’twitter,20,0.0256,0.0526
mentalbert,depression,redditâ†’twitter,5,0.0,0.0
mentalbert,depression,redditâ†’twitter,10,0.0,0.0
mentalbert,depression,redditâ†’twitter,15,0.0,0.0
mentalbert,depression,redditâ†’twitter,20,0.0811,0.0
mentalbert,anxiety,kaggleâ†’reddit,5,0.0,0.1111
mentalbert,anxiety,kaggleâ†’reddit,10,0.0,0.1111
mentalbert,anxiety,kaggleâ†’reddit,15,0.0,0.1111
mentalbert,anxiety,kaggleâ†’reddit,20,0.0256,0.1111
mentalbert,anxiety,kaggleâ†’twitter,5,0.0,0.25
mentalbert,anxiety,kaggleâ†’twitter,10,0.0,0.1765
mentalbert,anxiety,kaggleâ†’twitter,15,0.0,0.1111
mentalbert,anxiety,kaggleâ†’twitter,20,0.0256,0.0811
mentalbert,anxiety,redditâ†’twitter,5,0.0,0.0
mentalbert,anxiety,redditâ†’twitter,10,0.0,0.0
mentalbert,anxiety,redditâ†’twitter,15,0.0345,0.0345
mentalbert,anxiety,redditâ†’twitter,20,0.0811,0.0256
mentalbert,stress,kaggleâ†’reddit,5,0.0,0.0
mentalbert,stress,kaggleâ†’reddit,10,0.0526,0.0526
mentalbert,stress,kaggleâ†’reddit,15,0.0714,0.0714
mentalbert,stress,kaggleâ†’reddit,20,0.0526,0.1111
mentalbert,stress,kaggleâ†’twitter,5,0.0,0.1111
mentalbert,stress,kaggleâ†’twitter,10,0.0,0.0526
mentalbert,stress,kaggleâ†’twitter,15,0.0,0.0345
mentalbert,stress,kaggleâ†’twitter,20,0.0256,0.0811
mentalbert,stress,redditâ†’twitter,5,0.0,0.0
mentalbert,stress,redditâ†’twitter,10,0.0526,0.0
mentalbert,stress,redditâ†’twitter,15,0.0714,0.0
mentalbert,stress,redditâ†’twitter,20,0.1429,0.0526
mentalroberta,normal,kaggleâ†’reddit,5,0.0,0.0
mentalroberta,normal,kaggleâ†’reddit,10,0.0526,0.0
mentalroberta,normal,kaggleâ†’reddit,15,0.1111,0.0345
mentalroberta,normal,kaggleâ†’reddit,20,0.1765,0.0811
mentalroberta,normal,kaggleâ†’twitter,5,0.0,0.0
mentalroberta,normal,kaggleâ†’twitter,10,0.0,0.0
mentalroberta,normal,kaggleâ†’twitter,15,0.0714,0.0345
mentalroberta,normal,kaggleâ†’twitter,20,0.1111,0.0256
mentalroberta,normal,redditâ†’twitter,5,0.0,0.0
mentalroberta,normal,redditâ†’twitter,10,0.1111,0.0526
mentalroberta,normal,redditâ†’twitter,15,0.25,0.0345
mentalroberta,normal,redditâ†’twitter,20,0.2121,0.0256
mentalroberta,depression,kaggleâ†’reddit,5,0.0,0.0
mentalroberta,depression,kaggleâ†’reddit,10,0.0,0.0
mentalroberta,depression,kaggleâ†’reddit,15,0.0,0.0
mentalroberta,depression,kaggleâ†’reddit,20,0.0,0.0
mentalroberta,depression,kaggleâ†’twitter,5,0.0,0.0
mentalroberta,depression,kaggleâ†’twitter,10,0.0,0.0
mentalroberta,depression,kaggleâ†’twitter,15,0.0345,0.0
mentalroberta,depression,kaggleâ†’twitter,20,0.0256,0.0256
mentalroberta,depression,redditâ†’twitter,5,0.1111,0.0
mentalroberta,depression,redditâ†’twitter,10,0.1111,0.0
mentalroberta,depression,redditâ†’twitter,15,0.2,0.0
mentalroberta,depression,redditâ†’twitter,20,0.2121,0.0
mentalroberta,anxiety,kaggleâ†’reddit,5,0.0,0.1111
mentalroberta,anxiety,kaggleâ†’reddit,10,0.0,0.1111
mentalroberta,anxiety,kaggleâ†’reddit,15,0.0,0.1538
mentalroberta,anxiety,kaggleâ†’reddit,20,0.0526,0.1111
mentalroberta,anxiety,kaggleâ†’twitter,5,0.0,0.25
mentalroberta,anxiety,kaggleâ†’twitter,10,0.0,0.1765
mentalroberta,anxiety,kaggleâ†’twitter,15,0.0345,0.1111
mentalroberta,anxiety,kaggleâ†’twitter,20,0.0811,0.0811
mentalroberta,anxiety,redditâ†’twitter,5,0.0,0.0
mentalroberta,anxiety,redditâ†’twitter,10,0.1111,0.0
mentalroberta,anxiety,redditâ†’twitter,15,0.2,0.0345
mentalroberta,anxiety,redditâ†’twitter,20,0.2121,0.0526
mentalroberta,stress,kaggleâ†’reddit,5,0.0,0.0
mentalroberta,stress,kaggleâ†’reddit,10,0.0526,0.0
mentalroberta,stress,kaggleâ†’reddit,15,0.0345,0.0345
mentalroberta,stress,kaggleâ†’reddit,20,0.0256,0.0256
mentalroberta,stress,kaggleâ†’twitter,5,0.0,0.1111
mentalroberta,stress,kaggleâ†’twitter,10,0.0,0.0526
mentalroberta,stress,kaggleâ†’twitter,15,0.0,0.0345
mentalroberta,stress,kaggleâ†’twitter,20,0.0526,0.0526
mentalroberta,stress,redditâ†’twitter,5,0.1111,0.0
mentalroberta,stress,redditâ†’twitter,10,0.0526,0.0526
mentalroberta,stress,redditâ†’twitter,15,0.0714,0.0345
mentalroberta,stress,redditâ†’twitter,20,0.1111,0.0526
