model,mapping,kaggle_auc,reddit_auc,twitter_auc,reddit_drop_%,twitter_drop_%
bert,A,0.984,0.6296,0.5957,36.0,39.5
bert,B,0.991,0.6293,0.622,36.5,37.2
bert,C,0.986,0.6118,0.6011,38.0,39.0
roberta,A,0.9865,0.6289,0.603,36.2,38.9
roberta,B,0.9933,0.6444,0.6352,35.1,36.1
roberta,C,0.9886,0.6213,0.6093,37.2,38.4
mentalbert,A,0.9833,0.6732,0.6107,31.5,37.9
mentalbert,B,0.9932,0.6786,0.6079,31.7,38.8
mentalbert,C,0.9869,0.6564,0.6085,33.5,38.3
mentalroberta,A,0.9848,0.6985,0.6047,29.1,38.6
mentalroberta,B,0.9917,0.7309,0.6418,26.3,35.3
mentalroberta,C,0.9878,0.6961,0.6168,29.5,37.6
