model,mapping,kaggle_auc,reddit_auc,twitter_auc,reddit_drop_%,twitter_drop_%,exceeds_20pct,exceeds_35pct
bert,A,0.984,0.6447,0.5957,34.5,39.5,True,False
bert,B,0.991,0.6512,0.622,34.3,37.2,True,False
bert,C,0.986,0.6284,0.6011,36.3,39.0,True,True
bert,D,0.991,0.6512,0.622,34.3,37.2,True,False
bert,E,0.9847,0.4836,0.5913,50.9,40.0,True,True
roberta,A,0.9865,0.6374,0.603,35.4,38.9,True,True
roberta,B,0.9933,0.6484,0.6352,34.7,36.1,True,False
roberta,C,0.9886,0.6228,0.6093,37.0,38.4,True,True
roberta,D,0.9933,0.6484,0.6352,34.7,36.1,True,False
roberta,E,0.9862,0.4701,0.5703,52.3,42.2,True,True
mentalbert,A,0.9833,0.6852,0.6107,30.3,37.9,True,False
mentalbert,B,0.9932,0.6943,0.6079,30.1,38.8,True,False
mentalbert,C,0.9869,0.6727,0.6085,31.8,38.3,True,False
mentalbert,D,0.9932,0.6943,0.6079,30.1,38.8,True,False
mentalbert,E,0.9814,0.5238,0.632,46.6,35.6,True,True
mentalroberta,A,0.9848,0.7029,0.6047,28.6,38.6,True,False
mentalroberta,B,0.9917,0.7263,0.6418,26.8,35.3,True,False
mentalroberta,C,0.9878,0.6959,0.6168,29.6,37.6,True,False
mentalroberta,D,0.9917,0.7263,0.6418,26.8,35.3,True,False
mentalroberta,E,0.9859,0.4765,0.595,51.7,39.6,True,True
