model,platform,class,clinical_retention,clinical_ret_filtered,n_words_found
bert,kaggle,normal,0.0,0.0,10
bert,reddit,normal,0.0,0.0,10
bert,twitter,normal,0.0,0.0,10
bert,kaggle,depression,0.2,0.3,10
bert,reddit,depression,0.0,0.0,10
bert,twitter,depression,0.0,0.0,10
bert,kaggle,anxiety,0.0,0.0,10
bert,reddit,anxiety,0.1,0.4,10
bert,twitter,anxiety,0.1,0.2222,10
bert,kaggle,stress,0.1,0.1,10
bert,reddit,stress,0.0,0.0,10
bert,twitter,stress,0.0,0.0,10
roberta,kaggle,normal,0.0,0.0,10
roberta,reddit,normal,0.0,0.0,10
roberta,twitter,normal,0.0,0.0,10
roberta,kaggle,depression,0.3,0.3,10
roberta,reddit,depression,0.0,0.0,10
roberta,twitter,depression,0.0,0.0,10
roberta,kaggle,anxiety,0.1,0.3,10
roberta,reddit,anxiety,0.0,0.3333,10
roberta,twitter,anxiety,0.2,0.25,10
roberta,kaggle,stress,0.1,0.1,10
roberta,reddit,stress,0.0,0.0,10
roberta,twitter,stress,0.0,0.0,10
mentalbert,kaggle,normal,0.0,0.0,10
mentalbert,reddit,normal,0.0,0.0,10
mentalbert,twitter,normal,0.0,0.0,10
mentalbert,kaggle,depression,0.2,0.2,10
mentalbert,reddit,depression,0.0,0.0,10
mentalbert,twitter,depression,0.0,0.0,10
mentalbert,kaggle,anxiety,0.1,0.1,10
mentalbert,reddit,anxiety,0.2,0.5,10
mentalbert,twitter,anxiety,0.2,0.2,10
mentalbert,kaggle,stress,0.1,0.1,10
mentalbert,reddit,stress,0.0,0.0,10
mentalbert,twitter,stress,0.0,0.0,10
mentalroberta,kaggle,normal,0.0,0.0,10
mentalroberta,reddit,normal,0.0,0.0,10
mentalroberta,twitter,normal,0.0,0.0,10
mentalroberta,kaggle,depression,0.3,0.4,10
mentalroberta,reddit,depression,0.0,0.0,10
mentalroberta,twitter,depression,0.0,0.0,10
mentalroberta,kaggle,anxiety,0.1,0.1,10
mentalroberta,reddit,anxiety,0.3,0.5,10
mentalroberta,twitter,anxiety,0.1,0.1111,10
mentalroberta,kaggle,stress,0.1,0.1,10
mentalroberta,reddit,stress,0.0,0.0,10
mentalroberta,twitter,stress,0.0,0.0,10
