model,class,vs_platform,J_K5,J_K10,J_K15,J_K20
bert,normal,reddit,0.0,0.0,0.0,0.0256
bert,normal,twitter,0.0,0.0,0.0345,0.0526
bert,depression,reddit,0.0,0.0,0.0345,0.0526
bert,depression,twitter,0.0,0.0,0.0,0.0
bert,anxiety,reddit,0.0,0.0,0.0,0.0
bert,anxiety,twitter,0.0,0.0526,0.0345,0.0256
bert,stress,reddit,0.0,0.0,0.0,0.0
bert,stress,twitter,0.0,0.0,0.0,0.0
roberta,normal,reddit,0.0,0.0526,0.0714,0.0811
roberta,normal,twitter,0.0,0.0,0.0,0.0256
roberta,depression,reddit,0.0,0.0,0.0,0.0
roberta,depression,twitter,0.0,0.0,0.0345,0.0256
roberta,anxiety,reddit,0.0,0.0,0.0,0.0256
roberta,anxiety,twitter,0.0,0.0,0.0,0.0
roberta,stress,reddit,0.0,0.0,0.0,0.0256
roberta,stress,twitter,0.0,0.0,0.0,0.0
mentalbert,normal,reddit,0.0,0.0,0.0345,0.0526
mentalbert,normal,twitter,0.0,0.0,0.0,0.0256
mentalbert,depression,reddit,0.1111,0.0526,0.0714,0.0526
mentalbert,depression,twitter,0.0,0.0,0.0,0.0256
mentalbert,anxiety,reddit,0.0,0.0,0.0345,0.0526
mentalbert,anxiety,twitter,0.0,0.0,0.0,0.0
mentalbert,stress,reddit,0.0,0.0,0.0,0.0256
mentalbert,stress,twitter,0.0,0.0,0.0,0.0
mentalroberta,normal,reddit,0.0,0.0526,0.1111,0.1111
mentalroberta,normal,twitter,0.0,0.0526,0.0345,0.0811
mentalroberta,depression,reddit,0.0,0.0,0.0,0.0
mentalroberta,depression,twitter,0.0,0.0526,0.0714,0.0526
mentalroberta,anxiety,reddit,0.0,0.0,0.0345,0.0256
mentalroberta,anxiety,twitter,0.0,0.0,0.0,0.0256
mentalroberta,stress,reddit,0.0,0.0,0.0,0.0
mentalroberta,stress,twitter,0.0,0.0,0.0,0.0
