model,class,K,vocab_size,random_baseline,j_within_kaggle,j_kaggle_reddit,j_kaggle_twitter,j_reddit_twitter,j_kaggle_reddit_filtered,j_kaggle_twitter_filtered,avg_stability,avg_stability_filtered,words_above_baseline
bert,normal,5,30522,8.2e-05,0.0,0.0,0.0,0.0,0.0,0.0,0.0,0.0,False
bert,normal,10,30522,0.000164,0.0,0.0,0.0526,0.0526,0.0,0.0,0.0263,0.0,True
bert,normal,15,30522,0.000246,,0.0714,0.0714,0.0714,0.0,0.0,0.0714,0.0,True
bert,normal,20,30522,0.000328,,0.1111,0.1429,0.1429,0.0,0.0,0.127,0.0,True
bert,depression,5,30522,8.2e-05,0.0,0.0,0.0,0.1111,0.0,0.0,0.0,0.0,False
bert,depression,10,30522,0.000164,0.0,0.0526,0.0,0.0526,0.0,0.0,0.0263,0.0,True
bert,depression,15,30522,0.000246,,0.0345,0.0345,0.0345,0.0,0.0,0.0345,0.0,True
bert,depression,20,30522,0.000328,,0.0526,0.0256,0.0811,0.0,0.0,0.0391,0.0,True
bert,anxiety,5,30522,8.2e-05,0.0,0.0,0.0,0.1111,0.0,0.0,0.0,0.0,False
bert,anxiety,10,30522,0.000164,0.0,0.0,0.0,0.0526,0.0,0.0,0.0,0.0,False
bert,anxiety,15,30522,0.000246,,0.0,0.0,0.0714,0.0,0.0,0.0,0.0,False
bert,anxiety,20,30522,0.000328,,0.0526,0.0256,0.1429,0.0,0.0,0.0391,0.0,True
bert,stress,5,30522,8.2e-05,0.0,0.0,0.0,0.0,0.0,0.0,0.0,0.0,False
bert,stress,10,30522,0.000164,0.0,0.0,0.0,0.1111,0.0,0.0,0.0,0.0,False
bert,stress,15,30522,0.000246,,0.0,0.0345,0.0714,0.0,0.05,0.0173,0.025,True
bert,stress,20,30522,0.000328,,0.0256,0.0256,0.1111,0.0455,0.0455,0.0256,0.0455,True
roberta,normal,5,50265,5e-05,0.0,0.0,0.1111,0.1111,0.0,0.0,0.0556,0.0,True
roberta,normal,10,50265,9.9e-05,0.0,0.0526,0.1111,0.1111,0.0,0.0,0.0819,0.0,True
roberta,normal,15,50265,0.000149,,0.0714,0.1111,0.1538,0.0,0.0,0.0912,0.0,True
roberta,normal,20,50265,0.000199,,0.1429,0.1429,0.25,0.0,0.0,0.1429,0.0,True
roberta,depression,5,50265,5e-05,0.0,0.0,0.0,0.0,0.0,0.0,0.0,0.0,False
roberta,depression,10,50265,9.9e-05,0.0,0.0,0.0,0.0526,0.0,0.0,0.0,0.0,False
roberta,depression,15,50265,0.000149,,0.0345,0.0345,0.1538,0.0,0.0,0.0345,0.0,True
roberta,depression,20,50265,0.000199,,0.0526,0.0811,0.1765,0.0,0.0,0.0669,0.0,True
roberta,anxiety,5,50265,5e-05,0.0,0.1111,0.0,0.0,0.0,0.0,0.0556,0.0,True
roberta,anxiety,10,50265,9.9e-05,0.0,0.1765,0.0,0.1111,0.0,0.0,0.0882,0.0,True
roberta,anxiety,15,50265,0.000149,,0.1111,0.0,0.0714,0.0,0.0,0.0556,0.0,True
roberta,anxiety,20,50265,0.000199,,0.0811,0.0,0.1429,0.0,0.0,0.0406,0.0,True
roberta,stress,5,50265,5e-05,0.0,0.0,0.0,0.0,0.0,0.0,0.0,0.0,False
roberta,stress,10,50265,9.9e-05,0.0,0.0,0.0,0.1111,0.0,0.0,0.0,0.0,False
roberta,stress,15,50265,0.000149,,0.0345,0.0,0.1111,0.0,0.0,0.0173,0.0,True
roberta,stress,20,50265,0.000199,,0.0811,0.0256,0.1429,0.0,0.0,0.0534,0.0,True
mentalbert,normal,5,50265,5e-05,0.0,0.0,0.1111,0.0,0.0,0.0,0.0556,0.0,True
mentalbert,normal,10,50265,9.9e-05,0.0,0.0526,0.1111,0.0526,0.0,0.0,0.0819,0.0,True
mentalbert,normal,15,50265,0.000149,,0.1111,0.1538,0.1111,0.0,0.0,0.1325,0.0,True
mentalbert,normal,20,50265,0.000199,,0.1429,0.1429,0.1429,0.0,0.0,0.1429,0.0,True
mentalbert,depression,5,50265,5e-05,0.0,0.0,0.0,0.0,0.0,0.0,0.0,0.0,False
mentalbert,depression,10,50265,9.9e-05,0.0,0.0526,0.0,0.0,0.0,0.0,0.0263,0.0,True
mentalbert,depression,15,50265,0.000149,,0.0345,0.0345,0.0,0.0,0.0,0.0345,0.0,True
mentalbert,depression,20,50265,0.000199,,0.0256,0.0256,0.0811,0.0,0.0,0.0256,0.0,True
mentalbert,anxiety,5,50265,5e-05,0.0,0.0,0.0,0.0,0.0,0.0,0.0,0.0,False
mentalbert,anxiety,10,50265,9.9e-05,0.0,0.0,0.0,0.0,0.0,0.0,0.0,0.0,False
mentalbert,anxiety,15,50265,0.000149,,0.0,0.0,0.0345,0.0,0.0,0.0,0.0,False
mentalbert,anxiety,20,50265,0.000199,,0.0256,0.0256,0.0811,0.0,0.0,0.0256,0.0,True
mentalbert,stress,5,50265,5e-05,0.0,0.0,0.0,0.0,0.0,0.0,0.0,0.0,False
mentalbert,stress,10,50265,9.9e-05,0.0,0.0526,0.0,0.0526,0.0,0.0,0.0263,0.0,True
mentalbert,stress,15,50265,0.000149,,0.0714,0.0,0.0714,0.0,0.0476,0.0357,0.0238,True
mentalbert,stress,20,50265,0.000199,,0.0526,0.0256,0.1429,0.0,0.0455,0.0391,0.0227,True
mentalroberta,normal,5,50265,5e-05,0.0,0.0,0.0,0.0,0.0,0.0,0.0,0.0,False
mentalroberta,normal,10,50265,9.9e-05,0.0,0.0526,0.0,0.1111,0.0,0.0,0.0263,0.0,True
mentalroberta,normal,15,50265,0.000149,,0.1111,0.0714,0.25,0.0,0.0,0.0912,0.0,True
mentalroberta,normal,20,50265,0.000199,,0.1765,0.1111,0.2121,0.0,0.0,0.1438,0.0,True
mentalroberta,depression,5,50265,5e-05,0.0,0.0,0.0,0.1111,0.0,0.0,0.0,0.0,False
mentalroberta,depression,10,50265,9.9e-05,0.0,0.0,0.0,0.1111,0.0,0.0,0.0,0.0,False
mentalroberta,depression,15,50265,0.000149,,0.0,0.0345,0.2,0.0,0.0,0.0173,0.0,True
mentalroberta,depression,20,50265,0.000199,,0.0,0.0256,0.2121,0.0,0.0,0.0128,0.0,True
mentalroberta,anxiety,5,50265,5e-05,0.0,0.0,0.0,0.0,0.0,0.0,0.0,0.0,False
mentalroberta,anxiety,10,50265,9.9e-05,0.0,0.0,0.0,0.1111,0.0,0.0,0.0,0.0,False
mentalroberta,anxiety,15,50265,0.000149,,0.0,0.0345,0.2,0.0,0.0,0.0173,0.0,True
mentalroberta,anxiety,20,50265,0.000199,,0.0526,0.0811,0.2121,0.0,0.0,0.0669,0.0,True
mentalroberta,stress,5,50265,5e-05,0.0,0.0,0.0,0.1111,0.0,0.0,0.0,0.0,False
mentalroberta,stress,10,50265,9.9e-05,0.0,0.0526,0.0,0.0526,0.0,0.0,0.0263,0.0,True
mentalroberta,stress,15,50265,0.000149,,0.0345,0.0,0.0714,0.0,0.0,0.0173,0.0,True
mentalroberta,stress,20,50265,0.000199,,0.0256,0.0526,0.1111,0.0,0.0,0.0391,0.0,True
