model,platform_1,platform_2,auc_1,auc_2,auc_diff,z_stat,p_value,alpha_corrected,significant
bert,kaggle,reddit,0.984,0.6296,0.3544,23.7948,0.0,0.016667,True
bert,kaggle,twitter,0.984,0.5957,0.3883,28.6801,0.0,0.016667,True
bert,reddit,twitter,0.6296,0.5957,0.0339,1.7,0.089135,0.016667,False
roberta,kaggle,reddit,0.9865,0.6289,0.3576,23.0401,0.0,0.016667,True
roberta,kaggle,twitter,0.9865,0.603,0.3835,28.6585,0.0,0.016667,True
roberta,reddit,twitter,0.6289,0.603,0.0259,1.2721,0.203329,0.016667,False
mentalbert,kaggle,reddit,0.9833,0.6732,0.3101,20.588,0.0,0.016667,True
mentalbert,kaggle,twitter,0.9833,0.6107,0.3726,26.6924,0.0,0.016667,True
mentalbert,reddit,twitter,0.6732,0.6107,0.0625,3.0706,0.002136,0.016667,True
mentalroberta,kaggle,reddit,0.9848,0.6985,0.2863,19.4059,0.0,0.016667,True
mentalroberta,kaggle,twitter,0.9848,0.6047,0.3801,27.7876,0.0,0.016667,True
mentalroberta,reddit,twitter,0.6985,0.6047,0.0938,4.6938,3e-06,0.016667,True
